<annotation>
	<folder></folder>
	<filename>BloodImage_00147_jpg.rf.08614423ea4c4186a87d5a83d4f8f61e.jpg</filename>
	<path>BloodImage_00147_jpg.rf.08614423ea4c4186a87d5a83d4f8f61e.jpg</path>
	<source>
		<database>roboflow.ai</database>
	</source>
	<size>
		<width>416</width>
		<height>416</height>
		<depth>3</depth>
	</size>
	<segmented>0</segmented>
	<object>
		<name>Platelets</name>
		<pose>Unspecified</pose>
		<truncated>0</truncated>
		<difficult>0</difficult>
		<occluded>0</occluded>
		<bndbox>
			<xmin>133</xmin>
			<xmax>159</xmax>
			<ymin>161</ymin>
			<ymax>201</ymax>
		</bndbox>
	</object>
	<object>
		<name>WBC</name>
		<pose>Unspecified</pose>
		<truncated>0</truncated>
		<difficult>0</difficult>
		<occluded>0</occluded>
		<bndbox>
			<xmin>226</xmin>
			<xmax>342</xmax>
			<ymin>238</ymin>
			<ymax>384</ymax>
		</bndbox>
	</object>
</annotation>
