<annotation>
	<folder></folder>
	<filename>BloodImage_00152_jpg.rf.a5c495daceaa9b9fc379084a66af920e.jpg</filename>
	<path>BloodImage_00152_jpg.rf.a5c495daceaa9b9fc379084a66af920e.jpg</path>
	<source>
		<database>roboflow.ai</database>
	</source>
	<size>
		<width>416</width>
		<height>416</height>
		<depth>3</depth>
	</size>
	<segmented>0</segmented>
	<object>
		<name>WBC</name>
		<pose>Unspecified</pose>
		<truncated>0</truncated>
		<difficult>0</difficult>
		<occluded>0</occluded>
		<bndbox>
			<xmin>235</xmin>
			<xmax>339</xmax>
			<ymin>276</ymin>
			<ymax>404</ymax>
		</bndbox>
	</object>
</annotation>
