<annotation>
	<folder></folder>
	<filename>BloodImage_00152_jpg.rf.271b40035435e2820915e6452cac5b32.jpg</filename>
	<path>BloodImage_00152_jpg.rf.271b40035435e2820915e6452cac5b32.jpg</path>
	<source>
		<database>roboflow.ai</database>
	</source>
	<size>
		<width>416</width>
		<height>416</height>
		<depth>3</depth>
	</size>
	<segmented>0</segmented>
	<object>
		<name>WBC</name>
		<pose>Unspecified</pose>
		<truncated>0</truncated>
		<difficult>0</difficult>
		<occluded>0</occluded>
		<bndbox>
			<xmin>229</xmin>
			<xmax>335</xmax>
			<ymin>277</ymin>
			<ymax>407</ymax>
		</bndbox>
	</object>
</annotation>
