<annotation>
	<folder></folder>
	<filename>BloodImage_00150_jpg.rf.c7d87f8e2e9034974f7c0e10ed564836.jpg</filename>
	<path>BloodImage_00150_jpg.rf.c7d87f8e2e9034974f7c0e10ed564836.jpg</path>
	<source>
		<database>roboflow.ai</database>
	</source>
	<size>
		<width>416</width>
		<height>416</height>
		<depth>3</depth>
	</size>
	<segmented>0</segmented>
	<object>
		<name>WBC</name>
		<pose>Unspecified</pose>
		<truncated>0</truncated>
		<difficult>0</difficult>
		<occluded>0</occluded>
		<bndbox>
			<xmin>144</xmin>
			<xmax>231</xmax>
			<ymin>7</ymin>
			<ymax>132</ymax>
		</bndbox>
	</object>
	<object>
		<name>Platelets</name>
		<pose>Unspecified</pose>
		<truncated>0</truncated>
		<difficult>0</difficult>
		<occluded>0</occluded>
		<bndbox>
			<xmin>137</xmin>
			<xmax>153</xmax>
			<ymin>29</ymin>
			<ymax>51</ymax>
		</bndbox>
	</object>
</annotation>
