<annotation>
	<folder></folder>
	<filename>BloodImage_00216_jpg.rf.d2ee375678fba0f34f0aacf8e4742b18.jpg</filename>
	<path>BloodImage_00216_jpg.rf.d2ee375678fba0f34f0aacf8e4742b18.jpg</path>
	<source>
		<database>roboflow.ai</database>
	</source>
	<size>
		<width>416</width>
		<height>416</height>
		<depth>3</depth>
	</size>
	<segmented>0</segmented>
	<object>
		<name>RBC</name>
		<pose>Unspecified</pose>
		<truncated>0</truncated>
		<difficult>0</difficult>
		<occluded>0</occluded>
		<bndbox>
			<xmin>126</xmin>
			<xmax>191</xmax>
			<ymin>327</ymin>
			<ymax>411</ymax>
		</bndbox>
	</object>
	<object>
		<name>RBC</name>
		<pose>Unspecified</pose>
		<truncated>0</truncated>
		<difficult>0</difficult>
		<occluded>0</occluded>
		<bndbox>
			<xmin>197</xmin>
			<xmax>273</xmax>
			<ymin>279</ymin>
			<ymax>369</ymax>
		</bndbox>
	</object>
	<object>
		<name>RBC</name>
		<pose>Unspecified</pose>
		<truncated>0</truncated>
		<difficult>0</difficult>
		<occluded>0</occluded>
		<bndbox>
			<xmin>283</xmin>
			<xmax>333</xmax>
			<ymin>238</ymin>
			<ymax>311</ymax>
		</bndbox>
	</object>
	<object>
		<name>RBC</name>
		<pose>Unspecified</pose>
		<truncated>0</truncated>
		<difficult>0</difficult>
		<occluded>0</occluded>
		<bndbox>
			<xmin>283</xmin>
			<xmax>344</xmax>
			<ymin>320</ymin>
			<ymax>394</ymax>
		</bndbox>
	</object>
	<object>
		<name>RBC</name>
		<pose>Unspecified</pose>
		<truncated>0</truncated>
		<difficult>0</difficult>
		<occluded>0</occluded>
		<bndbox>
			<xmin>331</xmin>
			<xmax>374</xmax>
			<ymin>331</ymin>
			<ymax>395</ymax>
		</bndbox>
	</object>
	<object>
		<name>RBC</name>
		<pose>Unspecified</pose>
		<truncated>0</truncated>
		<difficult>0</difficult>
		<occluded>0</occluded>
		<bndbox>
			<xmin>361</xmin>
			<xmax>416</xmax>
			<ymin>258</ymin>
			<ymax>349</ymax>
		</bndbox>
	</object>
	<object>
		<name>RBC</name>
		<pose>Unspecified</pose>
		<truncated>0</truncated>
		<difficult>0</difficult>
		<occluded>0</occluded>
		<bndbox>
			<xmin>76</xmin>
			<xmax>138</xmax>
			<ymin>145</ymin>
			<ymax>239</ymax>
		</bndbox>
	</object>
	<object>
		<name>RBC</name>
		<pose>Unspecified</pose>
		<truncated>0</truncated>
		<difficult>0</difficult>
		<occluded>0</occluded>
		<bndbox>
			<xmin>7</xmin>
			<xmax>69</xmax>
			<ymin>287</ymin>
			<ymax>381</ymax>
		</bndbox>
	</object>
	<object>
		<name>RBC</name>
		<pose>Unspecified</pose>
		<truncated>0</truncated>
		<difficult>0</difficult>
		<occluded>0</occluded>
		<bndbox>
			<xmin>16</xmin>
			<xmax>80</xmax>
			<ymin>221</ymin>
			<ymax>310</ymax>
		</bndbox>
	</object>
	<object>
		<name>RBC</name>
		<pose>Unspecified</pose>
		<truncated>0</truncated>
		<difficult>0</difficult>
		<occluded>0</occluded>
		<bndbox>
			<xmin>85</xmin>
			<xmax>153</xmax>
			<ymin>239</ymin>
			<ymax>322</ymax>
		</bndbox>
	</object>
	<object>
		<name>RBC</name>
		<pose>Unspecified</pose>
		<truncated>0</truncated>
		<difficult>0</difficult>
		<occluded>0</occluded>
		<bndbox>
			<xmin>63</xmin>
			<xmax>122</xmax>
			<ymin>293</ymin>
			<ymax>361</ymax>
		</bndbox>
	</object>
	<object>
		<name>RBC</name>
		<pose>Unspecified</pose>
		<truncated>0</truncated>
		<difficult>0</difficult>
		<occluded>0</occluded>
		<bndbox>
			<xmin>111</xmin>
			<xmax>173</xmax>
			<ymin>96</ymin>
			<ymax>191</ymax>
		</bndbox>
	</object>
	<object>
		<name>RBC</name>
		<pose>Unspecified</pose>
		<truncated>0</truncated>
		<difficult>0</difficult>
		<occluded>0</occluded>
		<bndbox>
			<xmin>209</xmin>
			<xmax>278</xmax>
			<ymin>2</ymin>
			<ymax>94</ymax>
		</bndbox>
	</object>
	<object>
		<name>RBC</name>
		<pose>Unspecified</pose>
		<truncated>0</truncated>
		<difficult>0</difficult>
		<occluded>0</occluded>
		<bndbox>
			<xmin>346</xmin>
			<xmax>407</xmax>
			<ymin>43</ymin>
			<ymax>143</ymax>
		</bndbox>
	</object>
	<object>
		<name>RBC</name>
		<pose>Unspecified</pose>
		<truncated>0</truncated>
		<difficult>0</difficult>
		<occluded>0</occluded>
		<bndbox>
			<xmin>52</xmin>
			<xmax>133</xmax>
			<ymin>24</ymin>
			<ymax>117</ymax>
		</bndbox>
	</object>
	<object>
		<name>WBC</name>
		<pose>Unspecified</pose>
		<truncated>0</truncated>
		<difficult>0</difficult>
		<occluded>0</occluded>
		<bndbox>
			<xmin>179</xmin>
			<xmax>309</xmax>
			<ymin>89</ymin>
			<ymax>291</ymax>
		</bndbox>
	</object>
</annotation>
