<annotation>
	<folder></folder>
	<filename>BloodImage_00152_jpg.rf.d3b4e0c240e42b15a1ce127019b23b0c.jpg</filename>
	<path>BloodImage_00152_jpg.rf.d3b4e0c240e42b15a1ce127019b23b0c.jpg</path>
	<source>
		<database>roboflow.ai</database>
	</source>
	<size>
		<width>416</width>
		<height>416</height>
		<depth>3</depth>
	</size>
	<segmented>0</segmented>
	<object>
		<name>WBC</name>
		<pose>Unspecified</pose>
		<truncated>0</truncated>
		<difficult>0</difficult>
		<occluded>0</occluded>
		<bndbox>
			<xmin>84</xmin>
			<xmax>186</xmax>
			<ymin>24</ymin>
			<ymax>150</ymax>
		</bndbox>
	</object>
</annotation>
