<annotation>
	<folder></folder>
	<filename>BloodImage_00224_jpg.rf.0d00bc4b5d10a7fdea19c8c92e191366.jpg</filename>
	<path>BloodImage_00224_jpg.rf.0d00bc4b5d10a7fdea19c8c92e191366.jpg</path>
	<source>
		<database>roboflow.ai</database>
	</source>
	<size>
		<width>416</width>
		<height>416</height>
		<depth>3</depth>
	</size>
	<segmented>0</segmented>
	<object>
		<name>WBC</name>
		<pose>Unspecified</pose>
		<truncated>0</truncated>
		<difficult>0</difficult>
		<occluded>0</occluded>
		<bndbox>
			<xmin>162</xmin>
			<xmax>258</xmax>
			<ymin>166</ymin>
			<ymax>310</ymax>
		</bndbox>
	</object>
	<object>
		<name>Platelets</name>
		<pose>Unspecified</pose>
		<truncated>0</truncated>
		<difficult>0</difficult>
		<occluded>0</occluded>
		<bndbox>
			<xmin>198</xmin>
			<xmax>220</xmax>
			<ymin>308</ymin>
			<ymax>346</ymax>
		</bndbox>
	</object>
</annotation>
