<annotation>
	<folder></folder>
	<filename>BloodImage_00150_jpg.rf.f4e397fcf25609be6276c46a6682ce2d.jpg</filename>
	<path>BloodImage_00150_jpg.rf.f4e397fcf25609be6276c46a6682ce2d.jpg</path>
	<source>
		<database>roboflow.ai</database>
	</source>
	<size>
		<width>416</width>
		<height>416</height>
		<depth>3</depth>
	</size>
	<segmented>0</segmented>
	<object>
		<name>WBC</name>
		<pose>Unspecified</pose>
		<truncated>0</truncated>
		<difficult>0</difficult>
		<occluded>0</occluded>
		<bndbox>
			<xmin>185</xmin>
			<xmax>271</xmax>
			<ymin>2</ymin>
			<ymax>124</ymax>
		</bndbox>
	</object>
	<object>
		<name>Platelets</name>
		<pose>Unspecified</pose>
		<truncated>0</truncated>
		<difficult>0</difficult>
		<occluded>0</occluded>
		<bndbox>
			<xmin>263</xmin>
			<xmax>279</xmax>
			<ymin>23</ymin>
			<ymax>45</ymax>
		</bndbox>
	</object>
</annotation>
