<annotation>
	<folder></folder>
	<filename>BloodImage_00224_jpg.rf.19189fbae8891aa831108d654bf4685f.jpg</filename>
	<path>BloodImage_00224_jpg.rf.19189fbae8891aa831108d654bf4685f.jpg</path>
	<source>
		<database>roboflow.ai</database>
	</source>
	<size>
		<width>416</width>
		<height>416</height>
		<depth>3</depth>
	</size>
	<segmented>0</segmented>
	<object>
		<name>WBC</name>
		<pose>Unspecified</pose>
		<truncated>0</truncated>
		<difficult>0</difficult>
		<occluded>0</occluded>
		<bndbox>
			<xmin>147</xmin>
			<xmax>299</xmax>
			<ymin>145</ymin>
			<ymax>247</ymax>
		</bndbox>
	</object>
	<object>
		<name>Platelets</name>
		<pose>Unspecified</pose>
		<truncated>0</truncated>
		<difficult>0</difficult>
		<occluded>0</occluded>
		<bndbox>
			<xmin>297</xmin>
			<xmax>337</xmax>
			<ymin>183</ymin>
			<ymax>207</ymax>
		</bndbox>
	</object>
</annotation>
